-- phpMyAdmin SQL Dump
-- version 4.7.0
-- https://www.phpmyadmin.net/
--
-- Host: 127.0.0.1
-- Generation Time: Dec 09, 2020 at 03:46 PM
-- Server version: 10.1.25-MariaDB
-- PHP Version: 5.6.31

SET SQL_MODE = "NO_AUTO_VALUE_ON_ZERO";
SET AUTOCOMMIT = 0;
START TRANSACTION;
SET time_zone = "+00:00";


/*!40101 SET @OLD_CHARACTER_SET_CLIENT=@@CHARACTER_SET_CLIENT */;
/*!40101 SET @OLD_CHARACTER_SET_RESULTS=@@CHARACTER_SET_RESULTS */;
/*!40101 SET @OLD_COLLATION_CONNECTION=@@COLLATION_CONNECTION */;
/*!40101 SET NAMES utf8mb4 */;

--
-- Database: `rental_mobil`
--

-- --------------------------------------------------------

--
-- Table structure for table `tbl_akun`
--

CREATE TABLE `tbl_akun` (
  `id` int(11) NOT NULL,
  `nama` varchar(50) DEFAULT NULL,
  `username` varchar(15) DEFAULT NULL,
  `password` varchar(255) DEFAULT NULL,
  `foto` varchar(60) DEFAULT NULL
) ENGINE=InnoDB DEFAULT CHARSET=utf8mb4;

--
-- Dumping data for table `tbl_akun`
--

INSERT INTO `tbl_akun` (`id`, `nama`, `username`, `password`, `foto`) VALUES
(8, 'Administrator', 'admin', '$2y$10$yzRqxGzWFOCqyW815EBDoePf70QDpY3noRvmdh1KxYiAxwFIuUHna', 'administrator-1607523182.png'),
(9, 'User', 'user', '$2y$10$UhZxnfNdZKiw7SJXSKmubumLrtCTvYmdQ/ettRGaBaF1IhQMqIOGG', 'user-1607523210.png');

-- --------------------------------------------------------

--
-- Table structure for table `tbl_jenis_bayar`
--

CREATE TABLE `tbl_jenis_bayar` (
  `id` int(11) NOT NULL,
  `jenis_bayar` varchar(20) DEFAULT NULL
) ENGINE=InnoDB DEFAULT CHARSET=utf8mb4;

--
-- Dumping data for table `tbl_jenis_bayar`
--

INSERT INTO `tbl_jenis_bayar` (`id`, `jenis_bayar`) VALUES
(3, 'Cash'),
(4, 'Kredit'),
(5, 'Bayar Ditempat');

-- --------------------------------------------------------

--
-- Table structure for table `tbl_merk`
--

CREATE TABLE `tbl_merk` (
  `id` int(11) NOT NULL,
  `merk` varchar(20) DEFAULT NULL
) ENGINE=InnoDB DEFAULT CHARSET=utf8mb4;

--
-- Dumping data for table `tbl_merk`
--

INSERT INTO `tbl_merk` (`id`, `merk`) VALUES
(10, 'Merek Mobil A'),
(11, 'Merek Mobil B'),
(12, 'Merek Mobil C'),
(13, 'Mobil Merek C'),
(14, 'Mobil Merek D');

-- --------------------------------------------------------

--
-- Table structure for table `tbl_mobil`
--

CREATE TABLE `tbl_mobil` (
  `id` int(11) NOT NULL,
  `nama` varchar(30) DEFAULT NULL,
  `warna` varchar(20) DEFAULT NULL,
  `no_polisi` varchar(10) DEFAULT NULL,
  `jumlah_kursi` int(1) DEFAULT NULL,
  `tahun_beli` int(4) DEFAULT NULL,
  `gambar` varchar(100) DEFAULT NULL,
  `id_merk` int(11) DEFAULT NULL
) ENGINE=InnoDB DEFAULT CHARSET=utf8mb4;

--
-- Dumping data for table `tbl_mobil`
--

INSERT INTO `tbl_mobil` (`id`, `nama`, `warna`, `no_polisi`, `jumlah_kursi`, `tahun_beli`, `gambar`, `id_merk`) VALUES
(13, 'Toyota Kijang Innova', 'Putih', 'R 6788 KM', 6, 2019, 'toyota-kijang-innova-1577631464.png', NULL),
(14, 'Toyota Kijang Innova', 'Abu Abu', 'R 1309 KN', 7, 2018, 'toyota-kijang-innova-1579004786.png', NULL),
(15, 'Suzuki All New Ertiga', 'Putih', 'R 1739 KN', 8, 2018, 'suzuki-all-new-ertiga-1579279546.png', NULL),
(16, 'Sikeren Mobil A', 'Hitam', 'B 1111 CD', 6, 2020, 'sikeren-mobil-a-1607523427.png', 10),
(17, 'Sikeren Mobil B', 'Putih', 'A 777 BC', 8, 2019, 'sikeren-mobil-b-1607523496.png', 11),
(18, 'Sikeren Mobil C', 'Merah', 'A 9090 BC', 6, 2018, 'sikeren-mobil-c-1607523527.png', 12),
(19, 'Sikeren Mobil D', 'Hitam', 'A 7777 BC', 6, 2020, 'sikeren-mobil-d-1607524185.png', 14);

-- --------------------------------------------------------

--
-- Table structure for table `tbl_pemesan`
--

CREATE TABLE `tbl_pemesan` (
  `id` int(11) NOT NULL,
  `nama` varchar(50) DEFAULT NULL,
  `alamat` varchar(100) DEFAULT NULL,
  `jenis_kelamin` enum('L','P') DEFAULT NULL,
  `foto` varchar(100) DEFAULT NULL
) ENGINE=InnoDB DEFAULT CHARSET=utf8mb4;

--
-- Dumping data for table `tbl_pemesan`
--

INSERT INTO `tbl_pemesan` (`id`, `nama`, `alamat`, `jenis_kelamin`, `foto`) VALUES
(8, 'Pemesan 1', 'Masukan Alamat Si Pemesan ', 'P', 'pemesan-1-1607523568.png'),
(9, 'Pemesan 2', 'Masukan Alamat Pemesan', 'L', 'pemesan-2-1607523593.png'),
(10, 'Pemesan 3', 'Masukan Alamat Pemesan', 'L', 'pemesan-3-1607523616.png'),
(11, 'Pemesan 4', 'Masukan Alamat Pemesan 4', 'L', 'pemesan-4-1607524094.png'),
(12, 'Pemesan 5', 'Masukan Alamat Pemesan 5', 'P', 'pemesan-5-1607524210.png');

-- --------------------------------------------------------

--
-- Table structure for table `tbl_perjalanan`
--

CREATE TABLE `tbl_perjalanan` (
  `id` int(11) NOT NULL,
  `asal` varchar(20) DEFAULT NULL,
  `tujuan` varchar(20) DEFAULT NULL,
  `jarak` int(3) DEFAULT NULL
) ENGINE=InnoDB DEFAULT CHARSET=utf8mb4;

--
-- Dumping data for table `tbl_perjalanan`
--

INSERT INTO `tbl_perjalanan` (`id`, `asal`, `tujuan`, `jarak`) VALUES
(4, 'Cilacap', 'Ciamis', 70),
(5, 'Bandung', 'Bandung Jawabarat', 250),
(6, 'Jakarta', 'Jakarta Selatan', 120),
(7, 'Jakarta', 'Jakarta Utara', 125);

-- --------------------------------------------------------

--
-- Table structure for table `tbl_pesanan`
--

CREATE TABLE `tbl_pesanan` (
  `id` int(11) NOT NULL,
  `harga` int(11) DEFAULT NULL,
  `tgl_pinjam` date DEFAULT NULL,
  `tgl_kembali` date DEFAULT NULL,
  `id_pemesan` int(11) DEFAULT NULL,
  `id_mobil` int(11) DEFAULT NULL,
  `id_perjalanan` int(11) DEFAULT NULL,
  `id_jenis_bayar` int(11) DEFAULT NULL
) ENGINE=InnoDB DEFAULT CHARSET=utf8mb4;

--
-- Dumping data for table `tbl_pesanan`
--

INSERT INTO `tbl_pesanan` (`id`, `harga`, `tgl_pinjam`, `tgl_kembali`, `id_pemesan`, `id_mobil`, `id_perjalanan`, `id_jenis_bayar`) VALUES
(1, 1000000, '2020-01-01', '2020-01-04', NULL, 13, NULL, NULL),
(6, 2000000, '2020-01-17', '2020-01-20', NULL, 14, NULL, 3),
(8, 1500000, '2020-01-18', '2020-01-21', NULL, 15, 4, 3),
(9, 150000, '2020-12-08', '2020-12-10', 8, 16, 4, 3),
(10, 2500000, '2020-12-09', '2020-12-11', 9, 17, 5, 4);

--
-- Indexes for dumped tables
--

--
-- Indexes for table `tbl_akun`
--
ALTER TABLE `tbl_akun`
  ADD PRIMARY KEY (`id`);

--
-- Indexes for table `tbl_jenis_bayar`
--
ALTER TABLE `tbl_jenis_bayar`
  ADD PRIMARY KEY (`id`);

--
-- Indexes for table `tbl_merk`
--
ALTER TABLE `tbl_merk`
  ADD PRIMARY KEY (`id`);

--
-- Indexes for table `tbl_mobil`
--
ALTER TABLE `tbl_mobil`
  ADD PRIMARY KEY (`id`),
  ADD KEY `tbl_mobil_ibfk_2` (`id_merk`);

--
-- Indexes for table `tbl_pemesan`
--
ALTER TABLE `tbl_pemesan`
  ADD PRIMARY KEY (`id`);

--
-- Indexes for table `tbl_perjalanan`
--
ALTER TABLE `tbl_perjalanan`
  ADD PRIMARY KEY (`id`);

--
-- Indexes for table `tbl_pesanan`
--
ALTER TABLE `tbl_pesanan`
  ADD PRIMARY KEY (`id`),
  ADD KEY `id_pemesan` (`id_pemesan`),
  ADD KEY `id_mobil` (`id_mobil`),
  ADD KEY `id_perjalanan` (`id_perjalanan`),
  ADD KEY `id_jenis_bayar` (`id_jenis_bayar`);

--
-- AUTO_INCREMENT for dumped tables
--

--
-- AUTO_INCREMENT for table `tbl_akun`
--
ALTER TABLE `tbl_akun`
  MODIFY `id` int(11) NOT NULL AUTO_INCREMENT, AUTO_INCREMENT=10;
--
-- AUTO_INCREMENT for table `tbl_jenis_bayar`
--
ALTER TABLE `tbl_jenis_bayar`
  MODIFY `id` int(11) NOT NULL AUTO_INCREMENT, AUTO_INCREMENT=6;
--
-- AUTO_INCREMENT for table `tbl_merk`
--
ALTER TABLE `tbl_merk`
  MODIFY `id` int(11) NOT NULL AUTO_INCREMENT, AUTO_INCREMENT=15;
--
-- AUTO_INCREMENT for table `tbl_mobil`
--
ALTER TABLE `tbl_mobil`
  MODIFY `id` int(11) NOT NULL AUTO_INCREMENT, AUTO_INCREMENT=20;
--
-- AUTO_INCREMENT for table `tbl_pemesan`
--
ALTER TABLE `tbl_pemesan`
  MODIFY `id` int(11) NOT NULL AUTO_INCREMENT, AUTO_INCREMENT=13;
--
-- AUTO_INCREMENT for table `tbl_perjalanan`
--
ALTER TABLE `tbl_perjalanan`
  MODIFY `id` int(11) NOT NULL AUTO_INCREMENT, AUTO_INCREMENT=8;
--
-- AUTO_INCREMENT for table `tbl_pesanan`
--
ALTER TABLE `tbl_pesanan`
  MODIFY `id` int(11) NOT NULL AUTO_INCREMENT, AUTO_INCREMENT=12;
--
-- Constraints for dumped tables
--

--
-- Constraints for table `tbl_mobil`
--
ALTER TABLE `tbl_mobil`
  ADD CONSTRAINT `tbl_mobil_ibfk_2` FOREIGN KEY (`id_merk`) REFERENCES `tbl_merk` (`id`) ON DELETE SET NULL ON UPDATE CASCADE;

--
-- Constraints for table `tbl_pesanan`
--
ALTER TABLE `tbl_pesanan`
  ADD CONSTRAINT `tbl_pesanan_ibfk_1` FOREIGN KEY (`id_pemesan`) REFERENCES `tbl_pemesan` (`id`) ON DELETE SET NULL ON UPDATE CASCADE,
  ADD CONSTRAINT `tbl_pesanan_ibfk_2` FOREIGN KEY (`id_mobil`) REFERENCES `tbl_mobil` (`id`) ON DELETE SET NULL ON UPDATE CASCADE,
  ADD CONSTRAINT `tbl_pesanan_ibfk_3` FOREIGN KEY (`id_perjalanan`) REFERENCES `tbl_perjalanan` (`id`) ON DELETE SET NULL ON UPDATE CASCADE,
  ADD CONSTRAINT `tbl_pesanan_ibfk_4` FOREIGN KEY (`id_jenis_bayar`) REFERENCES `tbl_jenis_bayar` (`id`) ON DELETE SET NULL ON UPDATE CASCADE;
COMMIT;

/*!40101 SET CHARACTER_SET_CLIENT=@OLD_CHARACTER_SET_CLIENT */;
/*!40101 SET CHARACTER_SET_RESULTS=@OLD_CHARACTER_SET_RESULTS */;
/*!40101 SET COLLATION_CONNECTION=@OLD_COLLATION_CONNECTION */;
